Roll No,Name,Email
1,John Doe,johndoe@example.com
2,Jane Smith,janesmith@example.com
3,Michael Johnson,michaeljohnson@example.com
4,Emily Davis,emilydavis@example.com
5,David Brown,davidbrown@example.com
6,Olivia Wilson,oliviawilson@example.com
7,James Jones,jamesjones@example.com
8,Sophia Martinez,sophiamartinez@example.com
9,Benjamin Taylor,benjamintaylor@example.com
10,Emma Anderson,emmaanderson@example.com
11,William Thomas,williamthomas@example.com
12,Ava Jackson,avajackson@example.com
13,Lucas White,lucaswhite@example.com
14,Charlotte Harris,charlotteharris@example.com
15,Henry Clark,henryclark@example.com
